13000.0,2015-12-30,credit_card,,15.04%,074xx,NJ,< 1 year,0.0
10000.0,2015-12-30,debt_consolidation,,40.19%,882xx,TX,< 1 year,0.0
10000.0,2015-12-30,other,,9.85%,720xx,AR,5 years,0.0
30000.0,2015-12-30,debt_consolidation,652.0,39.78%,912xx,CA,< 1 year,0.0
35000.0,2015-12-30,debt_consolidation,,34.68%,380xx,TN,< 1 year,0.0
9000.0,2015-12-30,small_business,,49.04%,640xx,MO,< 1 year,0.0
20000.0,2015-12-30,debt_consolidation,,82.79%,186xx,PA,< 1 year,0.0
25000.0,2015-12-30,debt_consolidation,,22.68%,914xx,CA,< 1 year,0.0
7000.0,2015-12-30,moving,,39.97%,808xx,CO,,0.0
9800.0,2015-12-30,Debt consolidation,,38.47%,151xx,PA,,0.0
10000.0,2015-12-30,debt_consolidation,,23.01%,117xx,NY,< 1 year,0.0
15000.0,2015-12-30,debt_consolidation,575.0,8.01%,210xx,MD,< 1 year,0.0
35000.0,2015-12-30,debt_consolidation,,75.56%,906xx,CA,5 years,0.0
1000.0,2015-12-30,other,,-1%,272xx,NC,5 years,0.0
30000.0,2015-12-30,debt_consolidation,,59.73%,585xx,ND,5 years,0.0
35000.0,2015-12-30,debt_consolidation,,38.19%,221xx,VA,< 1 year,0.0
2000.0,2015-12-30,debt_consolidation,,14.07%,287xx,NC,,0.0
2000.0,2015-12-30,home_improvement,,37.36%,927xx,CA,< 1 year,0.0
15000.0,2015-12-30,debt_consolidation,,21.09%,322xx,FL,,0.0
5000.0,2015-12-30,Debt consolidation,,10.03%,497xx,MI,1 year,0.0
9000.0,2015-12-30,debt_consolidation,,16.5%,156xx,PA,5 years,0.0
4000.0,2015-12-30,other,587.0,99999%,989xx,WA,< 1 year,0.0
8000.0,2015-12-30,credit_card,,53.25%,800xx,CO,< 1 year,0.0
6500.0,2015-12-30,credit_card,,12.97%,140xx,NY,5 years,0.0
20000.0,2015-12-30,other,549.0,26%,601xx,IL,< 1 year,0.0
13500.0,2015-12-30,debt_consolidation,,48.67%,765xx,TX,5 years,0.0
10000.0,2015-12-30,debt_consolidation,,19.14%,062xx,CT,5 years,0.0
6000.0,2015-12-30,credit_card,,54.78%,283xx,NC,5 years,0.0
1500.0,2015-12-30,other,,8.09%,583xx,ND,5 years,0.0
1000.0,2015-12-30,vacation,,29.99%,096xx,CA,< 1 year,0.0
35000.0,2015-12-30,debt_consolidation,,38.01%,770xx,TX,< 1 year,0.0
1000.0,2015-12-30,Debt consolidation,,2.29%,935xx,CA,2 years,0.0
15000.0,2015-12-30,credit_card,,19.41%,060xx,CT,5 years,0.0
15000.0,2015-12-30,credit_card,,5.39%,532xx,WI,5 years,0.0
10000.0,2015-12-30,debt_consolidation,,18.97%,924xx,CA,< 1 year,0.0
15600.0,2015-12-30,debt_consolidation,,9.38%,760xx,TX,5 years,0.0
3500.0,2015-12-30,other,,40.7%,212xx,MD,< 1 year,0.0
25000.0,2015-12-30,Other,,29.55%,347xx,FL,3 years,0.0
9000.0,2015-12-30,debt_consolidation,500.0,2.27%,917xx,CA,< 1 year,0.0
3000.0,2015-12-30,credit_card,,11.22%,660xx,KS,,0.0
1000.0,2015-12-30,Debt consolidation,,26.96%,441xx,OH,< 1 year,0.0
15000.0,2015-12-30,debt_consolidation,,48.65%,472xx,IN,< 1 year,0.0
25000.0,2015-12-30,credit_card,,42.77%,890xx,NV,< 1 year,0.0
10000.0,2015-12-30,Credit card refinancing,,30.42%,930xx,CA,3 years,0.0
25000.0,2015-12-30,home_improvement,,1.73%,551xx,MN,< 1 year,0.0
10000.0,2015-12-30,debt_consolidation,,32.53%,700xx,LA,< 1 year,0.0
6000.0,2015-12-30,debt_consolidation,528.0,30.12%,891xx,NV,< 1 year,0.0
12000.0,2015-12-30,debt_consolidation,,24.57%,080xx,NJ,< 1 year,0.0
30000.0,2015-12-30,Debt consolidation,711.0,28.29%,782xx,TX,10+ years,0.0
15000.0,2015-12-30,debt_consolidation,,10.89%,223xx,VA,< 1 year,0.0
5000.0,2015-12-30,debt_consolidation,,18.28%,038xx,NH,< 1 year,0.0
10000.0,2015-12-30,credit_card,,19.55%,038xx,NH,5 years,0.0
12000.0,2015-12-30,debt_consolidation,,12.94%,917xx,CA,< 1 year,0.0
20000.0,2015-12-30,credit_card,,40.75%,378xx,TN,5 years,0.0
3000.0,2015-12-30,Other,,24.5%,606xx,IL,,0.0
20000.0,2015-12-30,debt_consolidation,,24.53%,957xx,CA,< 1 year,0.0
20000.0,2015-12-30,debt_consolidation,,10.11%,112xx,NY,< 1 year,0.0
10000.0,2015-12-30,debt_consolidation,,9.32%,928xx,CA,5 years,0.0
2500.0,2015-12-30,moving,,4.55%,974xx,OR,5 years,0.0
4000.0,2015-12-30,credit_card,,21.2%,923xx,CA,5 years,0.0
4000.0,2015-12-30,debt_consolidation,,15.83%,338xx,FL,< 1 year,0.0
3500.0,2015-12-30,debt_consolidation,,27.13%,254xx,WV,< 1 year,0.0
6000.0,2015-12-30,debt_consolidation,,20%,300xx,GA,< 1 year,0.0
14000.0,2015-12-30,debt_consolidation,,29.46%,283xx,NC,,0.0
4000.0,2015-12-30,Moving and relocation,,14.61%,295xx,SC,,0.0
30000.0,2015-12-30,debt_consolidation,,38.91%,123xx,NY,5 years,0.0
5000.0,2015-12-30,debt_consolidation,,3.85%,104xx,NY,5 years,0.0
35000.0,2015-12-30,debt_consolidation,,33.73%,786xx,TX,5 years,0.0
10000.0,2015-12-30,credit_card,,9.32%,344xx,FL,5 years,0.0
10000.0,2015-12-30,credit_card,,25.88%,330xx,FL,< 1 year,0.0
20000.0,2015-12-30,debt_consolidation,,17.45%,841xx,UT,< 1 year,0.0
35000.0,2015-12-30,home_improvement,,31.28%,795xx,TX,,0.0
35000.0,2015-12-30,debt_consolidation,,79.76%,376xx,TN,5 years,0.0
5000.0,2015-12-30,home_improvement,,152.55%,920xx,CA,< 1 year,0.0
10000.0,2015-12-30,debt_consolidation,,14.85%,750xx,TX,5 years,0.0
5200.0,2015-12-30,credit_card,,34.09%,479xx,IN,< 1 year,0.0
20000.0,2015-12-30,debt_consolidation,,43.54%,295xx,SC,< 1 year,0.0
1500.0,2015-12-30,other,,8.67%,364xx,AL,< 1 year,0.0
3000.0,2015-12-30,car,,1%,042xx,ME,< 1 year,0.0
15000.0,2015-12-30,debt_consolidation,683.0,40.15%,594xx,MT,< 1 year,0.0
18000.0,2015-12-30,car,,2.29%,480xx,MI,5 years,0.0
35000.0,2015-12-30,debt_consolidation,,35.92%,300xx,GA,< 1 year,0.0
3000.0,2015-12-30,debt_consolidation,,13.74%,762xx,TX,< 1 year,0.0
20000.0,2015-12-30,debt_consolidation,,31.63%,285xx,NC,5 years,0.0
15000.0,2015-12-30,other,,13.76%,585xx,ND,< 1 year,0.0
5000.0,2015-12-30,debt_consolidation,643.0,15.81%,117xx,NY,< 1 year,0.0
20000.0,2015-12-30,credit_card,,11%,945xx,CA,< 1 year,0.0
22500.0,2015-12-30,debt_consolidation,,100%,468xx,IN,< 1 year,0.0
10000.0,2015-12-30,debt_consolidation,,25.1%,856xx,AZ,< 1 year,0.0
6000.0,2015-12-30,debt_consolidation,,26.48%,080xx,NJ,< 1 year,0.0
5000.0,2015-12-30,moving,,20.34%,378xx,TN,< 1 year,0.0
1000.0,2015-12-30,other,,22.93%,875xx,NM,< 1 year,0.0
26000.0,2015-12-30,debt_consolidation,745.0,46.08%,565xx,MN,< 1 year,0.0
1000.0,2015-12-30,debt_consolidation,,18.99%,730xx,OK,5 years,0.0
3500.0,2015-12-30,small_business,,9.31%,601xx,IL,< 1 year,0.0
10000.0,2015-12-30,debt_consolidation,,20.7%,940xx,CA,5 years,0.0
10000.0,2015-12-30,credit_card,,30.29%,809xx,CO,5 years,0.0
10000.0,2015-12-30,debt_consolidation,,25.1%,856xx,AZ,< 1 year,0.0
5000.0,2015-12-30,car,697.0,17.64%,076xx,NJ,< 1 year,0.0
6000.0,2015-12-30,other,,26.02%,611xx,IL,< 1 year,0.0
20000.0,2015-12-30,debt_consolidation,,17.11%,729xx,AR,< 1 year,0.0
25000.0,2015-12-30,credit_card,,26.76%,740xx,OK,< 1 year,0.0
1000.0,2015-12-30,major_purchase,661.0,0%,320xx,FL,< 1 year,0.0
15000.0,2015-12-30,debt_consolidation,,19.17%,852xx,AZ,< 1 year,0.0
25000.0,2015-12-30,debt_consolidation,,20.95%,730xx,OK,5 years,0.0
12000.0,2015-12-30,debt_consolidation,628.0,38.83%,423xx,KY,< 1 year,0.0
25000.0,2015-12-30,Major purchase,,17.13%,483xx,MI,10+ years,2.0
20000.0,2015-12-30,debt_consolidation,721.0,22.05%,126xx,NY,< 1 year,0.0
8500.0,2015-12-30,debt_consolidation,,14.46%,027xx,MA,< 1 year,0.0
3000.0,2015-12-30,other,,12.07%,100xx,NY,< 1 year,0.0
20000.0,2015-12-30,credit_card,,48.54%,959xx,CA,< 1 year,0.0
15000.0,2015-12-30,debt_consolidation,,34.22%,390xx,MS,< 1 year,0.0
5000.0,2015-12-30,moving,,21.91%,923xx,CA,< 1 year,0.0
100000.0,2015-12-30,Business Loan,,-1%,912xx,CA,< 1 year,2.0
15000.0,2015-12-30,Credit card refinancing,,27.16%,334xx,FL,5 years,0.0
30000.0,2015-12-30,Debt consolidation,,14.96%,373xx,TN,5 years,0.0
5000.0,2015-12-30,major_purchase,,11.41%,787xx,TX,< 1 year,0.0
30000.0,2015-12-30,debt_consolidation,635.0,109.89%,308xx,GA,< 1 year,0.0
7500.0,2015-12-30,debt_consolidation,,19.6%,700xx,LA,< 1 year,0.0
10000.0,2015-12-30,moving,,4.32%,766xx,TX,< 1 year,0.0
2500.0,2015-12-30,medical,,3.88%,297xx,SC,< 1 year,0.0
10000.0,2015-12-30,Business,,13.87%,799xx,TX,1 year,0.0
6000.0,2015-12-30,other,,7.6%,303xx,GA,< 1 year,0.0
5000.0,2015-12-30,debt_consolidation,596.0,276.82%,189xx,PA,< 1 year,0.0
5500.0,2015-12-30,debt_consolidation,,25.66%,672xx,KS,< 1 year,0.0
1000.0,2015-12-30,debt_consolidation,,36.28%,549xx,WI,< 1 year,0.0
35000.0,2015-12-30,debt_consolidation,656.0,56.3%,113xx,NY,< 1 year,0.0
2500.0,2015-12-30,debt_consolidation,,8.49%,981xx,WA,5 years,0.0
10000.0,2015-12-30,debt_consolidation,,5.33%,117xx,NY,< 1 year,0.0
5000.0,2015-12-30,credit_card,,13.27%,455xx,OH,< 1 year,0.0
6000.0,2015-12-30,debt_consolidation,,6.24%,300xx,GA,< 1 year,0.0
30000.0,2015-12-30,credit_card,,46.72%,973xx,OR,< 1 year,0.0
5000.0,2015-12-30,small_business,501.0,0.76%,344xx,FL,< 1 year,0.0
7000.0,2015-12-30,debt_consolidation,546.0,6.69%,066xx,CT,< 1 year,0.0
35000.0,2015-12-30,debt_consolidation,,9.64%,984xx,WA,< 1 year,0.0
20000.0,2015-12-30,debt_consolidation,606.0,41.37%,484xx,MI,< 1 year,0.0
35000.0,2015-12-30,debt_consolidation,602.0,57.25%,313xx,GA,< 1 year,0.0
1500.0,2015-12-30,small_business,,90.75%,336xx,FL,< 1 year,0.0
15000.0,2015-12-30,debt_consolidation,,24.53%,958xx,CA,< 1 year,0.0
30000.0,2015-12-30,debt_consolidation,,41.16%,350xx,AL,< 1 year,0.0
7000.0,2015-12-30,major_purchase,,-1%,924xx,CA,5 years,0.0
3000.0,2015-12-30,other,669.0,56.77%,750xx,TX,< 1 year,0.0
9000.0,2015-12-30,debt_consolidation,,33.12%,330xx,FL,5 years,0.0
5000.0,2015-12-30,home_improvement,,24.02%,451xx,OH,5 years,0.0
25000.0,2015-12-30,Debt consolidation,,30.11%,300xx,GA,2 years,0.0
5000.0,2015-12-30,debt_consolidation,660.0,49.85%,150xx,PA,< 1 year,0.0
25000.0,2015-12-30,debt_consolidation,,16.11%,325xx,FL,< 1 year,0.0
22000.0,2015-12-30,debt_consolidation,,21.69%,622xx,IL,< 1 year,0.0
10000.0,2015-12-30,debt_consolidation,,40.1%,902xx,CA,< 1 year,0.0
3000.0,2015-12-30,moving,,47.09%,921xx,CA,< 1 year,0.0
35000.0,2015-12-30,Credit card refinancing,682.0,19.18%,968xx,HI,10+ years,0.0
20000.0,2015-12-30,debt_consolidation,621.0,44.2%,760xx,TX,< 1 year,0.0
20000.0,2015-12-30,debt_consolidation,,19.5%,757xx,TX,< 1 year,0.0
15000.0,2015-12-30,debt_consolidation,,57.88%,301xx,GA,< 1 year,0.0
30000.0,2015-12-30,debt_consolidation,640.0,36.88%,303xx,GA,< 1 year,0.0
25000.0,2015-12-30,home_improvement,,64.66%,178xx,PA,5 years,0.0
17000.0,2015-12-30,debt_consolidation,,33.48%,337xx,FL,< 1 year,0.0
5000.0,2015-12-30,other,,17.91%,377xx,TN,5 years,0.0
4000.0,2015-12-30,debt_consolidation,,2.55%,070xx,NJ,< 1 year,0.0
15000.0,2015-12-30,debt_consolidation,,6.18%,431xx,OH,5 years,0.0
10000.0,2015-12-30,credit_card,,75.9%,124xx,NY,5 years,0.0
15000.0,2015-12-30,credit_card,746.0,25.97%,959xx,CA,< 1 year,0.0
1000.0,2015-12-30,credit_card,,-1%,670xx,KS,5 years,0.0
2000.0,2015-12-30,debt_consolidation,,56.39%,925xx,CA,< 1 year,0.0
6000.0,2015-12-30,credit_card,,51.81%,880xx,NM,< 1 year,0.0
5000.0,2015-12-30,house,,7.71%,388xx,MS,< 1 year,0.0
5000.0,2015-12-30,medical,,30.95%,782xx,TX,< 1 year,0.0
3000.0,2015-12-30,other,,12.06%,335xx,FL,< 1 year,0.0
35000.0,2015-12-30,debt_consolidation,,6.55%,980xx,WA,< 1 year,0.0
30000.0,2015-12-30,debt_consolidation,,33.8%,880xx,NM,5 years,0.0
20000.0,2015-12-30,debt_consolidation,,11.63%,926xx,CA,< 1 year,0.0
9000.0,2015-12-30,moving,,30.11%,275xx,NC,5 years,0.0
2000.0,2015-12-30,moving,,3%,328xx,FL,< 1 year,0.0
1000.0,2015-12-30,moving,,7.02%,840xx,UT,5 years,0.0
5000.0,2015-12-30,other,,-1%,070xx,NJ,,0.0
5000.0,2015-12-30,debt_consolidation,,66.34%,305xx,GA,< 1 year,0.0
15000.0,2015-12-30,credit_card,,14.87%,010xx,MA,,0.0
7500.0,2015-12-30,other,,12.57%,368xx,AL,< 1 year,0.0
5500.0,2015-12-30,debt_consolidation,,22.6%,627xx,IL,< 1 year,0.0
1000.0,2015-12-30,medical,,4.32%,282xx,NC,< 1 year,0.0
25000.0,2015-12-30,debt_consolidation,780.0,21.4%,066xx,CT,< 1 year,0.0
10000.0,2015-12-30,other,,39.31%,980xx,WA,< 1 year,0.0
25000.0,2015-12-30,credit_card,,18.31%,112xx,NY,< 1 year,0.0
15000.0,2015-12-30,credit_card,,37.96%,082xx,NJ,5 years,0.0
1000.0,2015-12-30,debt_consolidation,,9.5%,122xx,NY,,0.0
10000.0,2015-12-30,debt_consolidation,,15.58%,302xx,GA,< 1 year,0.0
15000.0,2015-12-30,debt_consolidation,,-1%,930xx,CA,< 1 year,0.0
20000.0,2015-12-30,debt_consolidation,,13.89%,134xx,NY,< 1 year,0.0
35000.0,2015-12-30,credit_card,737.0,513.46%,542xx,WI,< 1 year,0.0
2000.0,2015-12-30,debt_consolidation,,8.45%,913xx,CA,< 1 year,0.0
20000.0,2015-12-30,debt_consolidation,,18.3%,221xx,VA,< 1 year,0.0
20000.0,2015-12-30,debt_consolidation,,18.72%,300xx,GA,< 1 year,0.0
2500.0,2015-12-30,car,,12.34%,065xx,CT,< 1 year,0.0
10000.0,2015-12-30,home_improvement,,8.26%,050xx,VT,5 years,0.0
7000.0,2015-12-30,medical,673.0,18.19%,951xx,CA,< 1 year,0.0
5000.0,2015-12-30,moving,,-1%,737xx,OK,< 1 year,0.0
1000.0,2015-12-30,other,,81.75%,809xx,CO,5 years,0.0
5000.0,2015-12-30,medical,,6.08%,681xx,NE,< 1 year,0.0
25000.0,2015-12-30,debt_consolidation,,31.85%,322xx,FL,< 1 year,0.0
11000.0,2015-12-30,debt_consolidation,,21.2%,604xx,IL,< 1 year,0.0
35000.0,2015-12-30,other,,23.69%,720xx,AR,5 years,0.0
25000.0,2015-12-30,debt_consolidation,,54.01%,811xx,CO,< 1 year,0.0
25000.0,2015-12-30,debt_consolidation,,9.38%,917xx,CA,5 years,0.0
6500.0,2015-12-30,debt_consolidation,585.0,21.64%,917xx,CA,< 1 year,0.0
20000.0,2015-12-30,debt_consolidation,521.0,28.98%,224xx,VA,< 1 year,0.0
4000.0,2015-12-30,other,,-1%,816xx,CO,,0.0
3500.0,2015-12-30,debt_consolidation,,18.47%,241xx,VA,,0.0
20000.0,2015-12-30,debt_consolidation,,28.06%,334xx,FL,,0.0
20000.0,2015-12-30,debt_consolidation,,13.28%,782xx,TX,< 1 year,0.0
10000.0,2015-12-30,other,,46.59%,295xx,SC,< 1 year,0.0
8000.0,2015-12-30,other,,8.22%,606xx,IL,5 years,0.0
16000.0,2015-12-30,credit_card,,52.72%,860xx,AZ,< 1 year,0.0
4000.0,2015-12-30,moving,,34.94%,908xx,CA,5 years,0.0
1000.0,2015-12-30,other,,21.92%,532xx,WI,5 years,0.0
5000.0,2015-12-30,small_business,,0.43%,330xx,FL,5 years,0.0
10000.0,2015-12-30,car,573.0,6.63%,420xx,KY,< 1 year,0.0
35000.0,2015-12-30,debt_consolidation,641.0,2.11%,752xx,TX,< 1 year,0.0
6000.0,2015-12-30,debt_consolidation,638.0,55%,373xx,TN,< 1 year,0.0
15000.0,2015-12-30,Credit card refinancing,,6.23%,480xx,MI,10+ years,0.0
10000.0,2015-12-30,Debt consolidation,,6.05%,770xx,TX,10+ years,0.0
4000.0,2015-12-30,debt_consolidation,528.0,5.92%,871xx,NM,< 1 year,0.0
15000.0,2015-12-30,debt_consolidation,,24.97%,782xx,TX,< 1 year,0.0
10000.0,2015-12-30,home_improvement,,58.16%,852xx,AZ,< 1 year,0.0
7000.0,2015-12-30,credit_card,602.0,11.56%,113xx,NY,< 1 year,0.0
15000.0,2015-12-30,Debt consolidation,,28.52%,394xx,MS,10+ years,0.0
2500.0,2015-12-30,car,,0%,919xx,CA,< 1 year,0.0
4000.0,2015-12-30,debt_consolidation,,22.3%,337xx,FL,5 years,0.0
5000.0,2015-12-30,debt_consolidation,,18.92%,209xx,MD,5 years,0.0
29500.0,2015-12-30,debt_consolidation,,35.82%,701xx,LA,< 1 year,0.0
7500.0,2015-12-30,debt_consolidation,,35.37%,988xx,WA,< 1 year,0.0
12000.0,2015-12-30,debt_consolidation,,23.2%,616xx,IL,< 1 year,0.0
18000.0,2015-12-30,debt_consolidation,623.0,77.12%,170xx,PA,< 1 year,0.0
4500.0,2015-12-30,debt_consolidation,,85.33%,773xx,TX,5 years,0.0
25000.0,2015-12-30,credit_card,629.0,38.32%,402xx,KY,< 1 year,0.0
5000.0,2015-12-30,other,,8.94%,347xx,FL,5 years,0.0
15000.0,2015-12-30,credit_card,660.0,19.3%,481xx,MI,< 1 year,0.0
30000.0,2015-12-30,credit_card,,65.97%,456xx,OH,5 years,0.0
15000.0,2015-12-30,debt_consolidation,,7.37%,917xx,CA,< 1 year,0.0
6000.0,2015-12-30,debt_consolidation,,45.56%,711xx,LA,< 1 year,0.0
3000.0,2015-12-30,moving,501.0,19.08%,115xx,NY,< 1 year,0.0
10000.0,2015-12-30,moving,546.0,60.5%,766xx,TX,< 1 year,0.0
3000.0,2015-12-30,debt_consolidation,594.0,20.48%,326xx,FL,< 1 year,0.0
11000.0,2015-12-30,debt_consolidation,649.0,20.54%,629xx,IL,< 1 year,0.0
1000.0,2015-12-30,other,,0.52%,201xx,VA,< 1 year,0.0
5000.0,2015-12-30,debt_consolidation,,10.65%,078xx,NJ,< 1 year,0.0
1500.0,2015-12-30,debt_consolidation,,0%,857xx,AZ,< 1 year,0.0
5000.0,2015-12-30,moving,,39.62%,143xx,NY,5 years,0.0
7000.0,2015-12-30,debt_consolidation,,18.19%,458xx,OH,< 1 year,0.0
8000.0,2015-12-30,debt_consolidation,,15.22%,615xx,IL,< 1 year,0.0
10000.0,2015-12-30,debt_consolidation,,0%,305xx,GA,< 1 year,0.0
35000.0,2015-12-30,debt_consolidation,,38.67%,137xx,NY,< 1 year,0.0
5000.0,2015-12-30,debt_consolidation,,29.62%,913xx,CA,< 1 year,0.0
6000.0,2015-12-30,credit_card,,11.32%,061xx,CT,5 years,0.0
15000.0,2015-12-30,home_improvement,,19.22%,729xx,AR,< 1 year,0.0
7000.0,2015-12-30,debt_consolidation,,6.38%,336xx,FL,5 years,0.0
30000.0,2015-12-30,house,,16.34%,178xx,PA,5 years,0.0
15000.0,2015-12-30,Other,,7.16%,926xx,CA,< 1 year,0.0
15000.0,2015-12-30,debt_consolidation,,66.38%,793xx,TX,< 1 year,0.0
5000.0,2015-12-30,Other,,4.14%,170xx,PA,< 1 year,0.0
35000.0,2015-12-30,credit_card,590.0,15.33%,752xx,TX,< 1 year,0.0
6000.0,2015-12-30,home_improvement,,3.17%,330xx,FL,5 years,0.0
1000.0,2015-12-30,debt_consolidation,,30.1%,441xx,OH,5 years,0.0
20000.0,2015-12-30,debt_consolidation,647.0,38.08%,437xx,OH,< 1 year,0.0
1000.0,2015-12-30,Green loan,,12%,641xx,MO,3 years,0.0
6500.0,2015-12-30,small_business,,16.91%,751xx,TX,5 years,0.0
3000.0,2015-12-30,debt_consolidation,,32.67%,443xx,OH,< 1 year,0.0
5000.0,2015-12-30,Credit card refinancing,,4.49%,750xx,TX,1 year,0.0
6000.0,2015-12-30,debt_consolidation,,43.71%,282xx,NC,< 1 year,0.0
1500.0,2015-12-30,debt_consolidation,681.0,22.08%,857xx,AZ,< 1 year,0.0
20000.0,2015-12-30,debt_consolidation,656.0,11.56%,944xx,CA,< 1 year,0.0
2000.0,2015-12-30,other,,7.5%,486xx,MI,5 years,0.0
1200.0,2015-12-30,car,,45.97%,673xx,KS,< 1 year,0.0
7800.0,2015-12-30,credit_card,,5%,986xx,WA,< 1 year,0.0
1500.0,2015-12-30,other,,17.79%,563xx,MN,5 years,0.0
35000.0,2015-12-30,debt_consolidation,,-1%,708xx,LA,< 1 year,0.0
10000.0,2015-12-30,major_purchase,,12.56%,300xx,GA,< 1 year,0.0
30000.0,2015-12-30,debt_consolidation,,31.26%,462xx,IN,5 years,0.0
19400.0,2015-12-30,debt_consolidation,,38.67%,137xx,NY,< 1 year,0.0
15000.0,2015-12-30,credit_card,,65.39%,344xx,FL,< 1 year,0.0
1000.0,2015-12-30,vacation,,30.28%,146xx,NY,< 1 year,0.0
2000.0,2015-12-30,car,,9.6%,454xx,OH,< 1 year,0.0
10000.0,2015-12-30,debt_consolidation,,13.79%,639xx,MO,< 1 year,0.0
35000.0,2015-12-30,credit_card,633.0,37.6%,044xx,ME,< 1 year,0.0
5100.0,2015-12-30,other,,36.24%,601xx,IL,< 1 year,0.0
10000.0,2015-12-30,vacation,636.0,45.63%,988xx,WA,< 1 year,0.0
35000.0,2015-12-30,credit_card,670.0,34.92%,183xx,PA,< 1 year,0.0
7000.0,2015-12-30,debt_consolidation,,31.4%,776xx,TX,< 1 year,0.0
2500.0,2015-12-30,vacation,632.0,35.75%,198xx,DE,< 1 year,0.0
15000.0,2015-12-30,debt_consolidation,629.0,41.48%,708xx,LA,< 1 year,0.0
10000.0,2015-12-30,debt_consolidation,,29.27%,246xx,VA,< 1 year,0.0
1000.0,2015-12-30,debt_consolidation,,28.54%,530xx,WI,< 1 year,0.0
9700.0,2015-12-30,credit_card,,21.81%,267xx,WV,< 1 year,0.0
12000.0,2015-12-30,debt_consolidation,661.0,14.16%,530xx,WI,< 1 year,0.0
6000.0,2015-12-30,other,,20.93%,920xx,CA,5 years,0.0
5000.0,2015-12-30,major_purchase,,4.8%,630xx,MO,< 1 year,0.0
35000.0,2015-12-30,debt_consolidation,661.0,47.82%,924xx,CA,< 1 year,0.0
2000.0,2015-12-30,other,,20.03%,448xx,OH,5 years,0.0
10000.0,2015-12-30,credit_card,,18.76%,765xx,TX,5 years,0.0
2000.0,2015-12-30,other,501.0,11.79%,319xx,GA,< 1 year,0.0
30000.0,2015-12-30,debt_consolidation,,18.75%,251xx,WV,5 years,0.0
2000.0,2015-12-30,other,,6.66%,381xx,TN,5 years,0.0
35000.0,2015-12-30,credit_card,,59.7%,586xx,ND,5 years,0.0
20000.0,2015-12-30,debt_consolidation,,608%,302xx,GA,< 1 year,0.0
1000.0,2015-12-30,car,,5.78%,280xx,NC,5 years,0.0
7000.0,2015-12-30,debt_consolidation,,13.72%,119xx,NY,< 1 year,0.0
22500.0,2015-12-30,debt_consolidation,674.0,14.3%,076xx,NJ,< 1 year,0.0
8000.0,2015-12-30,home_improvement,748.0,13.98%,860xx,AZ,< 1 year,0.0
15000.0,2015-12-30,debt_consolidation,,35.19%,331xx,FL,< 1 year,0.0
5000.0,2015-12-30,medical,,0.24%,954xx,CA,< 1 year,0.0
10000.0,2015-12-30,credit_card,,62.46%,410xx,KY,5 years,0.0
2400.0,2015-12-30,small_business,,12.62%,335xx,FL,5 years,0.0
7500.0,2015-12-30,medical,,0.92%,644xx,MO,< 1 year,0.0
25000.0,2015-12-30,house,,-1%,713xx,LA,5 years,0.0
12000.0,2015-12-30,credit_card,,31.3%,759xx,TX,< 1 year,0.0
20000.0,2015-12-30,debt_consolidation,,5.54%,951xx,CA,< 1 year,0.0
25000.0,2015-12-30,debt_consolidation,,36.75%,548xx,WI,< 1 year,0.0
10000.0,2015-12-30,car,,56%,968xx,HI,< 1 year,0.0
7000.0,2015-12-30,debt_consolidation,,23.96%,234xx,VA,< 1 year,0.0
12000.0,2015-12-30,Home improvement,,22.27%,616xx,IL,10+ years,0.0
2000.0,2015-12-30,car,,6.38%,622xx,IL,< 1 year,0.0
5000.0,2015-12-30,credit_card,,24.89%,672xx,KS,< 1 year,0.0
2500.0,2015-12-30,debt_consolidation,,10.14%,891xx,NV,5 years,0.0
7000.0,2015-12-30,credit_card,,28.31%,300xx,GA,< 1 year,0.0
30000.0,2015-12-30,debt_consolidation,,46.88%,765xx,TX,< 1 year,0.0
12900.0,2015-12-30,debt_consolidation,601.0,25.4%,660xx,KS,< 1 year,0.0
20000.0,2015-12-30,other,,21.12%,104xx,NY,< 1 year,0.0
35000.0,2015-12-30,debt_consolidation,,19.74%,010xx,MA,< 1 year,0.0
20000.0,2015-12-30,car,,18.91%,851xx,AZ,< 1 year,0.0
35000.0,2015-12-30,home_improvement,,5.46%,117xx,NY,5 years,0.0
5000.0,2015-12-30,other,,4.84%,212xx,MD,5 years,0.0
2000.0,2015-12-30,debt_consolidation,,62.62%,921xx,CA,,0.0
10000.0,2015-12-30,other,,0%,936xx,CA,< 1 year,0.0
1000.0,2015-12-30,car,508.0,42.95%,334xx,FL,< 1 year,0.0
5000.0,2015-12-30,Debt consolidation,,18.96%,762xx,TX,,0.0
15000.0,2015-12-30,debt_consolidation,,33.25%,490xx,MI,< 1 year,0.0
1000.0,2015-12-30,other,,8.96%,633xx,MO,< 1 year,0.0
8000.0,2015-12-30,debt_consolidation,,79.73%,900xx,CA,< 1 year,0.0
5000.0,2015-12-30,moving,,1.64%,100xx,NY,< 1 year,0.0
3000.0,2015-12-30,home_improvement,,39.72%,074xx,NJ,< 1 year,0.0
25000.0,2015-12-30,debt_consolidation,,32.88%,945xx,CA,5 years,0.0
22500.0,2015-12-30,debt_consolidation,,40.84%,606xx,IL,< 1 year,0.0
35000.0,2015-12-30,Home improvement,697.0,5.54%,895xx,NV,10+ years,0.0
3000.0,2015-12-30,debt_consolidation,,0%,368xx,AL,< 1 year,0.0
10000.0,2015-12-30,debt_consolidation,690.0,47.17%,435xx,OH,< 1 year,0.0
30000.0,2015-12-30,debt_consolidation,,19.92%,300xx,GA,< 1 year,0.0
12000.0,2015-12-30,credit_card,,27.84%,563xx,MN,5 years,0.0
35000.0,2015-12-30,small_business,,4.91%,959xx,CA,< 1 year,0.0
10000.0,2015-12-30,credit_card,,21.29%,945xx,CA,< 1 year,0.0
15000.0,2015-12-30,debt_consolidation,,27.68%,760xx,TX,< 1 year,0.0
8000.0,2015-12-30,debt_consolidation,,16.27%,978xx,OR,< 1 year,0.0
15000.0,2015-12-30,debt_consolidation,664.0,88.4%,744xx,OK,< 1 year,0.0
1000.0,2015-12-30,car,,0%,756xx,TX,< 1 year,0.0
12000.0,2015-12-30,debt_consolidation,,37.08%,906xx,CA,< 1 year,0.0
4000.0,2015-12-30,debt_consolidation,,6.28%,783xx,TX,< 1 year,0.0
25000.0,2015-12-30,credit_card,,51.97%,583xx,ND,5 years,0.0
7000.0,2015-12-30,debt_consolidation,,26.26%,368xx,AL,< 1 year,0.0
4000.0,2015-12-30,other,,0%,460xx,IN,5 years,0.0
4500.0,2015-12-30,credit_card,,13.42%,544xx,WI,< 1 year,0.0
1000.0,2015-12-30,medical,537.0,61.96%,853xx,AZ,< 1 year,0.0
3000.0,2015-12-30,Debt consolidation,,6.96%,633xx,MO,< 1 year,0.0
19900.0,2015-12-30,home_improvement,,29.54%,230xx,VA,< 1 year,0.0
3000.0,2015-12-30,small_business,689.0,38.55%,881xx,NM,< 1 year,0.0
2000.0,2015-12-30,other,,57.11%,800xx,CO,< 1 year,0.0
10000.0,2015-12-30,home_improvement,,35.66%,467xx,IN,< 1 year,0.0
5000.0,2015-12-30,debt_consolidation,,33%,436xx,OH,< 1 year,0.0
5000.0,2015-12-30,other,,0%,980xx,WA,5 years,0.0
10000.0,2015-12-30,debt_consolidation,,37.84%,853xx,AZ,< 1 year,0.0
20000.0,2015-12-30,debt_consolidation,,39.57%,080xx,NJ,< 1 year,0.0
1000.0,2015-12-30,renewable_energy,502.0,14.77%,172xx,PA,< 1 year,0.0
35000.0,2015-12-30,Credit card refinancing,765.0,19.17%,704xx,LA,10+ years,0.0
1500.0,2015-12-30,home_improvement,,-1%,300xx,GA,5 years,0.0
30000.0,2015-12-30,credit_card,,37.92%,947xx,CA,< 1 year,0.0
35000.0,2015-12-30,other,501.0,4.08%,841xx,UT,< 1 year,0.0
35000.0,2015-12-30,Business Loan,,-1%,334xx,FL,< 1 year,0.0
7000.0,2015-12-30,Debt consolidation,,25.74%,395xx,MS,< 1 year,0.0
35000.0,2015-12-30,debt_consolidation,591.0,2344.58%,201xx,VA,< 1 year,0.0
1000.0,2015-12-30,other,,2.95%,981xx,WA,< 1 year,0.0
6000.0,2015-12-30,debt_consolidation,,37.53%,926xx,CA,< 1 year,0.0
10000.0,2015-12-30,debt_consolidation,,9.36%,573xx,SD,,0.0
7000.0,2015-12-30,debt_consolidation,,42.52%,431xx,OH,< 1 year,0.0
22000.0,2015-12-30,debt_consolidation,,13.08%,237xx,VA,5 years,0.0
15000.0,2015-12-30,debt_consolidation,,13.46%,066xx,CT,< 1 year,0.0
300000.0,2015-12-30,Business Loan,,-1%,774xx,TX,< 1 year,0.0
11500.0,2015-12-30,credit_card,,17.31%,284xx,NC,< 1 year,0.0
15000.0,2015-12-30,credit_card,,50.84%,068xx,CT,5 years,0.0
4000.0,2015-12-30,other,,3%,554xx,MN,5 years,0.0
6000.0,2015-12-30,debt_consolidation,,32.68%,906xx,CA,< 1 year,0.0
5000.0,2015-12-30,other,,2.16%,700xx,LA,5 years,0.0
1500.0,2015-12-30,credit_card,,16.94%,325xx,FL,< 1 year,0.0
5000.0,2015-12-30,home_improvement,,15.25%,460xx,IN,< 1 year,0.0
3000.0,2015-12-30,credit_card,,57.72%,775xx,TX,,0.0
20000.0,2015-12-30,other,,20.35%,070xx,NJ,< 1 year,0.0
17000.0,2015-12-30,credit_card,,49.71%,254xx,WV,< 1 year,0.0
1000.0,2015-12-30,other,,17.13%,184xx,PA,< 1 year,0.0
10000.0,2015-12-30,debt_consolidation,,10.24%,468xx,IN,5 years,0.0
7500.0,2015-12-30,debt_consolidation,,43.14%,891xx,NV,< 1 year,0.0
15000.0,2015-12-30,debt_consolidation,,21.44%,656xx,MO,,0.0
2000.0,2015-12-30,moving,,6.58%,100xx,NY,< 1 year,0.0
10000.0,2015-12-30,home_improvement,,15.18%,104xx,NY,< 1 year,0.0
5000.0,2015-12-30,debt_consolidation,,41.42%,810xx,CO,< 1 year,0.0
30000.0,2015-12-30,debt_consolidation,,42.96%,425xx,KY,< 1 year,0.0
35000.0,2015-12-30,debt_consolidation,,28.16%,221xx,VA,< 1 year,0.0
15000.0,2015-12-30,Debt consolidation,684.0,5.47%,326xx,FL,5 years,0.0
15000.0,2015-12-30,debt_consolidation,,35.37%,295xx,SC,< 1 year,0.0
1000.0,2015-12-30,moving,,33.49%,370xx,TN,,0.0
5000.0,2015-12-30,other,,50.78%,720xx,AR,< 1 year,0.0
8000.0,2015-12-30,debt_consolidation,,10.7%,322xx,FL,< 1 year,0.0
6025.0,2015-12-30,debt_consolidation,716.0,76.69%,014xx,MA,< 1 year,0.0
4000.0,2015-12-30,major_purchase,,-1%,112xx,NY,5 years,0.0
5000.0,2015-12-30,debt_consolidation,,16.7%,925xx,CA,5 years,0.0
7000.0,2015-12-30,debt_consolidation,,19.47%,138xx,NY,< 1 year,0.0
5000.0,2015-12-30,Business Loan,,-1%,352xx,AL,< 1 year,0.0
30000.0,2015-12-30,debt_consolidation,,19.92%,442xx,OH,< 1 year,0.0
5000.0,2015-12-30,small_business,,-1%,908xx,CA,< 1 year,0.0
35000.0,2015-12-30,debt_consolidation,,48.51%,100xx,NY,< 1 year,0.0
6000.0,2015-12-30,debt_consolidation,607.0,6.47%,302xx,GA,< 1 year,0.0
5000.0,2015-12-30,medical,,0%,923xx,CA,< 1 year,0.0
4800.0,2015-12-30,debt_consolidation,,39.7%,452xx,OH,< 1 year,0.0
5000.0,2015-12-30,debt_consolidation,,34.78%,757xx,TX,5 years,0.0
5000.0,2015-12-30,credit_card,,19.49%,956xx,CA,,0.0
8000.0,2015-12-30,major_purchase,716.0,9999%,281xx,NC,< 1 year,0.0
10000.0,2015-12-30,home_improvement,,-1%,300xx,GA,< 1 year,0.0
5500.0,2015-12-30,other,,0%,346xx,FL,5 years,0.0
30000.0,2015-12-30,debt_consolidation,,36.03%,158xx,PA,< 1 year,0.0
15000.0,2015-12-30,credit_card,767.0,28.66%,239xx,VA,< 1 year,0.0
3000.0,2015-12-30,other,,3%,104xx,NY,< 1 year,0.0
1500.0,2015-12-30,other,,17.5%,652xx,MO,< 1 year,0.0
10000.0,2015-12-30,medical,,1.28%,851xx,AZ,< 1 year,0.0
4000.0,2015-12-30,credit_card,,854.54%,441xx,OH,< 1 year,0.0
25000.0,2015-12-30,debt_consolidation,,36.51%,074xx,NJ,5 years,0.0
5000.0,2015-12-30,Home improvement,,25.77%,853xx,AZ,10+ years,0.0
5000.0,2015-12-30,vacation,,20.4%,941xx,CA,< 1 year,0.0
20000.0,2015-12-30,debt_consolidation,,44.04%,546xx,WI,< 1 year,0.0
6000.0,2015-12-30,debt_consolidation,,10.06%,300xx,GA,< 1 year,0.0
17000.0,2015-12-30,debt_consolidation,,36.69%,138xx,NY,< 1 year,0.0
20000.0,2015-12-30,debt_consolidation,,26.09%,797xx,TX,< 1 year,0.0
3000.0,2015-12-30,major_purchase,,0%,730xx,OK,< 1 year,0.0
21500.0,2015-12-30,credit_card,,21.4%,874xx,NM,5 years,0.0
7800.0,2015-12-30,credit_card,,15.23%,800xx,CO,< 1 year,0.0
30000.0,2015-12-30,debt_consolidation,,42.97%,160xx,PA,,0.0
35000.0,2015-12-30,debt_consolidation,598.0,10.74%,363xx,AL,< 1 year,0.0
25000.0,2015-12-30,credit_card,,35.98%,980xx,WA,< 1 year,0.0
1000.0,2015-12-30,major_purchase,,4.22%,486xx,MI,< 1 year,0.0
35000.0,2015-12-30,debt_consolidation,,14928.57%,672xx,KS,< 1 year,0.0
6000.0,2015-12-30,debt_consolidation,690.0,7.4%,280xx,NC,< 1 year,0.0
5000.0,2015-12-30,debt_consolidation,,11.6%,430xx,OH,< 1 year,0.0
2500.0,2015-12-30,debt_consolidation,,-1%,151xx,PA,5 years,0.0
7000.0,2015-12-30,other,687.0,28.97%,104xx,NY,< 1 year,0.0
35000.0,2015-12-30,debt_consolidation,,8.27%,774xx,TX,< 1 year,0.0
10000.0,2015-12-30,Business Loan,,-1%,300xx,GA,< 1 year,0.0
1000.0,2015-12-30,other,,12.56%,802xx,CO,< 1 year,0.0
1500.0,2015-12-30,other,,31.63%,284xx,NC,< 1 year,0.0
17000.0,2015-12-30,medical,,593.33%,337xx,FL,< 1 year,0.0
3000.0,2015-12-30,other,,2%,535xx,WI,5 years,0.0
15000.0,2015-12-30,home_improvement,,12.52%,338xx,FL,,0.0
25000.0,2015-12-30,debt_consolidation,,27.5%,606xx,IL,< 1 year,0.0
1000.0,2015-12-30,medical,550.0,5.71%,934xx,CA,< 1 year,0.0
25000.0,2015-12-30,debt_consolidation,,25.68%,739xx,OK,< 1 year,0.0
5000.0,2015-12-30,home_improvement,,440.82%,208xx,MD,< 1 year,0.0
10000.0,2015-12-30,debt_consolidation,,438.46%,302xx,GA,< 1 year,0.0
25000.0,2015-12-30,debt_consolidation,,59.33%,333xx,FL,< 1 year,0.0
15000.0,2015-12-30,car,,155.3%,352xx,AL,< 1 year,0.0
8000.0,2015-12-30,Debt consolidation,653.0,21.28%,074xx,NJ,10+ years,0.0
20000.0,2015-12-30,debt_consolidation,,26.06%,481xx,MI,5 years,0.0
20000.0,2015-12-30,debt_consolidation,,77.19%,676xx,KS,< 1 year,0.0
15000.0,2015-12-30,other,,55.03%,997xx,AK,< 1 year,0.0
8000.0,2015-12-30,debt_consolidation,,21.16%,313xx,GA,5 years,0.0
15000.0,2015-12-30,home_improvement,,66.12%,080xx,NJ,< 1 year,0.0
5000.0,2015-12-30,debt_consolidation,,36.72%,165xx,PA,5 years,0.0
19000.0,2015-12-30,Credit card refinancing,,11.06%,705xx,LA,10+ years,0.0
5000.0,2015-12-30,debt_consolidation,,50.09%,951xx,CA,5 years,0.0
5000.0,2015-12-30,other,,73.6%,462xx,IN,< 1 year,0.0
10000.0,2015-12-30,small_business,666.0,5.58%,229xx,VA,< 1 year,0.0
20000.0,2015-12-30,debt_consolidation,,37.87%,117xx,NY,< 1 year,0.0
7500.0,2015-12-30,medical,,17.33%,601xx,IL,5 years,0.0
7000.0,2015-12-30,debt_consolidation,,18.71%,482xx,MI,< 1 year,0.0
20000.0,2015-12-30,debt_consolidation,,42.69%,070xx,NJ,< 1 year,0.0
9000.0,2015-12-30,debt_consolidation,,12%,278xx,NC,< 1 year,0.0
35000.0,2015-12-30,debt_consolidation,,42.27%,207xx,MD,10+ years,0.0
5000.0,2015-12-30,debt_consolidation,,27.76%,401xx,KY,< 1 year,0.0
3000.0,2015-12-30,credit_card,,18.39%,331xx,FL,< 1 year,0.0
9000.0,2015-12-30,debt_consolidation,,38.79%,482xx,MI,5 years,0.0
20000.0,2015-12-30,debt_consolidation,,19.56%,379xx,TN,< 1 year,0.0
35000.0,2015-12-30,credit_card,,36.76%,212xx,MD,5 years,0.0
10000.0,2015-12-30,credit_card,687.0,6.96%,606xx,IL,< 1 year,0.0
9000.0,2015-12-30,debt_consolidation,,392%,934xx,CA,< 1 year,0.0
5000.0,2015-12-30,debt_consolidation,,15.37%,395xx,MS,< 1 year,0.0
25000.0,2015-12-30,debt_consolidation,620.0,36.63%,344xx,FL,< 1 year,0.0
5000.0,2015-12-30,debt_consolidation,,4.55%,450xx,OH,< 1 year,0.0
1500.0,2015-12-30,other,,16.37%,124xx,NY,< 1 year,0.0
3000.0,2015-12-30,debt_consolidation,,20.13%,441xx,OH,< 1 year,0.0
1000.0,2015-12-30,medical,,19.15%,871xx,NM,5 years,0.0
25000.0,2015-12-30,debt_consolidation,,13.07%,900xx,CA,< 1 year,0.0
12500.0,2015-12-30,debt_consolidation,,35.47%,296xx,SC,< 1 year,0.0
20000.0,2015-12-30,credit_card,,43.58%,750xx,TX,5 years,0.0
5000.0,2015-12-30,moving,,20.3%,175xx,PA,< 1 year,0.0
15000.0,2015-12-30,debt_consolidation,,6.09%,850xx,AZ,< 1 year,0.0
5000.0,2015-12-30,major_purchase,688.0,117.74%,273xx,NC,< 1 year,0.0
25000.0,2015-12-30,debt_consolidation,,1134.21%,305xx,GA,< 1 year,0.0
13000.0,2015-12-30,credit_card,,32.61%,178xx,PA,5 years,0.0
4600.0,2015-12-30,debt_consolidation,,25%,864xx,AZ,< 1 year,0.0
35000.0,2015-12-30,debt_consolidation,,16.03%,112xx,NY,< 1 year,0.0
10000.0,2015-12-30,moving,,11%,906xx,CA,5 years,0.0
5000.0,2015-12-30,debt_consolidation,,11.01%,857xx,AZ,< 1 year,0.0
10000.0,2015-12-30,moving,,0%,282xx,NC,< 1 year,0.0
15000.0,2015-12-30,Credit card refinancing,,9.92%,916xx,CA,5 years,0.0
2000.0,2015-12-30,debt_consolidation,,45.12%,932xx,CA,< 1 year,0.0
5000.0,2015-12-30,other,,3.05%,454xx,OH,5 years,0.0
10000.0,2015-12-30,debt_consolidation,,17.4%,461xx,IN,< 1 year,0.0
10000.0,2015-12-30,debt_consolidation,,30.58%,890xx,NV,< 1 year,0.0
8000.0,2015-12-30,Debt consolidation,,23.66%,913xx,CA,2 years,0.0
4500.0,2015-12-30,other,,22.06%,152xx,PA,5 years,0.0
2000.0,2015-12-30,Home improvement,,14.93%,327xx,FL,10+ years,0.0
25000.0,2015-12-30,debt_consolidation,,36.44%,802xx,CO,< 1 year,0.0
10000.0,2015-12-30,credit_card,,66.07%,112xx,NY,,0.0
15000.0,2015-12-30,other,,11.87%,487xx,MI,< 1 year,0.0
13000.0,2015-12-30,medical,,5.64%,276xx,NC,< 1 year,0.0
50000.0,2015-12-30,Business Loan,,-1%,217xx,MD,< 1 year,0.0
12000.0,2015-12-30,home_improvement,,0.8%,101xx,NY,< 1 year,0.0
4500.0,2015-12-30,credit_card,,2.49%,945xx,CA,5 years,0.0
10000.0,2015-12-30,debt_consolidation,,38.89%,142xx,NY,< 1 year,0.0
10000.0,2015-12-30,Credit card refinancing,,12.66%,913xx,CA,10+ years,0.0
5000.0,2015-12-30,credit_card,,27.41%,917xx,CA,5 years,0.0
4000.0,2015-12-30,debt_consolidation,545.0,10.21%,785xx,TX,< 1 year,0.0
8000.0,2015-12-30,credit_card,,41.86%,860xx,AZ,< 1 year,0.0
4000.0,2015-12-30,debt_consolidation,611.0,13.8%,546xx,WI,< 1 year,0.0
10000.0,2015-12-30,debt_consolidation,,56.84%,370xx,TN,< 1 year,0.0
10000.0,2015-12-30,debt_consolidation,,30%,103xx,NY,< 1 year,0.0
10000.0,2015-12-30,credit_card,617.0,18.14%,930xx,CA,< 1 year,0.0
5100.0,2015-12-30,credit_card,,27.51%,930xx,CA,5 years,0.0
10000.0,2015-12-30,debt_consolidation,,32.59%,350xx,AL,5 years,0.0
2000.0,2015-12-30,moving,,1678.29%,254xx,WV,5 years,0.0
6000.0,2015-12-30,major_purchase,544.0,0.49%,951xx,CA,< 1 year,0.0
40000.0,2015-12-30,Business Loan,,-1%,232xx,VA,< 1 year,0.0
2000.0,2015-12-30,other,,18.25%,805xx,CO,< 1 year,0.0
2000.0,2015-12-30,car,599.0,0%,916xx,CA,< 1 year,0.0
10000.0,2015-12-30,debt_consolidation,,59.1%,926xx,CA,< 1 year,0.0
10000.0,2015-12-30,debt_consolidation,580.0,24.33%,303xx,GA,< 1 year,0.0
10500.0,2015-12-30,debt_consolidation,,3216.67%,070xx,NJ,< 1 year,0.0
1000.0,2015-12-30,other,,17.51%,967xx,HI,< 1 year,0.0
8000.0,2015-12-30,Debt consolidation,653.0,5.09%,330xx,FL,< 1 year,0.0
2000.0,2015-12-30,other,,24.11%,925xx,CA,< 1 year,0.0
250000.0,2015-12-30,Business Loan,,-1%,920xx,CA,< 1 year,0.0
250000.0,2015-12-30,Business Loan,,-1%,303xx,GA,< 1 year,0.0
5000.0,2015-12-30,credit_card,,46.16%,480xx,MI,< 1 year,0.0
20000.0,2015-12-30,debt_consolidation,,19.76%,327xx,FL,< 1 year,0.0
35000.0,2015-12-30,debt_consolidation,,48.68%,297xx,SC,5 years,0.0
22500.0,2015-12-30,debt_consolidation,,35.45%,760xx,TX,< 1 year,0.0
10000.0,2015-12-30,car,,17.58%,967xx,HI,< 1 year,0.0
1500.0,2015-12-30,small_business,,8.74%,782xx,TX,< 1 year,0.0
25000.0,2015-12-30,major_purchase,,10.21%,923xx,CA,< 1 year,0.0
30000.0,2015-12-30,other,,5.1%,631xx,MO,< 1 year,0.0
15000.0,2015-12-30,major_purchase,,11.99%,372xx,TN,5 years,0.0
1500.0,2015-12-30,debt_consolidation,,7.31%,148xx,NY,< 1 year,0.0
1000.0,2015-12-30,other,,40.22%,600xx,IL,< 1 year,0.0
3000.0,2015-12-30,debt_consolidation,,37.98%,209xx,MD,< 1 year,0.0
35000.0,2015-12-30,credit_card,,49.43%,320xx,FL,,0.0
1500.0,2015-12-30,vacation,,6.32%,112xx,NY,< 1 year,0.0
10000.0,2015-12-30,credit_card,631.0,44%,011xx,MA,< 1 year,0.0
6000.0,2015-12-30,debt_consolidation,,3.94%,114xx,NY,5 years,0.0
15000.0,2015-12-30,debt_consolidation,,24.22%,730xx,OK,< 1 year,0.0
2500.0,2015-12-30,moving,,0%,190xx,PA,< 1 year,0.0
10000.0,2015-12-30,debt_consolidation,,0%,125xx,NY,< 1 year,0.0
16000.0,2015-12-30,debt_consolidation,747.0,421.41%,292xx,SC,< 1 year,0.0
35000.0,2015-12-30,small_business,,3.99%,648xx,MO,5 years,0.0
2000.0,2015-12-30,other,544.0,0.49%,951xx,CA,< 1 year,0.0
8500.0,2015-12-30,debt_consolidation,597.0,10.79%,782xx,TX,< 1 year,0.0
25000.0,2015-12-30,debt_consolidation,,52.08%,882xx,NM,< 1 year,0.0
35000.0,2015-12-30,credit_card,,19.23%,114xx,NY,5 years,0.0
20000.0,2015-12-30,debt_consolidation,,12.32%,946xx,CA,5 years,0.0
15000.0,2015-12-30,debt_consolidation,,1.7%,906xx,CA,< 1 year,0.0
20000.0,2015-12-30,debt_consolidation,668.0,31.4%,891xx,NV,< 1 year,0.0
7000.0,2015-12-30,major_purchase,,5.63%,016xx,MA,< 1 year,0.0
29000.0,2015-12-30,debt_consolidation,,89.92%,121xx,NY,< 1 year,0.0
15000.0,2015-12-30,Debt consolidation,,38.19%,331xx,FL,2 years,0.0
18600.0,2015-12-30,Credit card refinancing,,26.31%,365xx,AL,,0.0
1000.0,2015-12-30,medical,,23.22%,233xx,VA,< 1 year,0.0
2000.0,2015-12-30,debt_consolidation,,51.73%,721xx,AR,5 years,0.0
2000.0,2015-12-30,home_improvement,,150.54%,148xx,NY,< 1 year,0.0
3000.0,2015-12-30,moving,,20.72%,786xx,TX,< 1 year,0.0
10000.0,2015-12-30,debt_consolidation,,71.69%,373xx,TN,< 1 year,0.0
5000.0,2015-12-30,Debt consolidation,,10.73%,706xx,LA,,0.0
5000.0,2015-12-30,credit_card,,36.53%,720xx,AR,5 years,0.0
10000.0,2015-12-30,credit_card,,19.23%,470xx,MI,< 1 year,0.0
9500.0,2015-12-30,credit_card,,46.24%,727xx,AR,< 1 year,0.0
5600.0,2015-12-30,credit_card,,51.35%,376xx,TN,< 1 year,0.0
5000.0,2015-12-30,debt_consolidation,643.0,12.63%,112xx,NY,< 1 year,0.0
30000.0,2015-12-30,debt_consolidation,,75.79%,320xx,FL,< 1 year,0.0
1000.0,2015-12-30,debt_consolidation,,-1%,386xx,MS,5 years,0.0
5000.0,2015-12-30,other,,39.23%,330xx,FL,< 1 year,0.0
8000.0,2015-12-30,debt_consolidation,,6.93%,791xx,TX,< 1 year,0.0
5000.0,2015-12-30,house,,46.86%,146xx,NY,5 years,0.0
7000.0,2015-12-30,Credit card refinancing,,8.04%,088xx,NJ,6 years,0.0
15000.0,2015-12-30,debt_consolidation,,12.89%,125xx,NY,< 1 year,0.0
35000.0,2015-12-30,house,,11.83%,028xx,RI,5 years,0.0
2400.0,2015-12-30,Other,,5.25%,972xx,OR,,0.0
2000.0,2015-12-30,debt_consolidation,,24.25%,770xx,TX,< 1 year,0.0
25000.0,2015-12-30,debt_consolidation,523.0,10.92%,917xx,CA,< 1 year,0.0
5000.0,2015-12-30,other,,39.85%,799xx,TX,< 1 year,0.0
15000.0,2015-12-30,Credit card refinancing,648.0,11.98%,539xx,WI,10+ years,0.0
1000.0,2015-12-30,other,,-1%,245xx,VA,5 years,0.0
1000.0,2015-12-30,medical,558.0,4.56%,731xx,OK,< 1 year,0.0
3000.0,2015-12-30,credit_card,501.0,66.34%,852xx,AZ,< 1 year,0.0
10000.0,2015-12-30,debt_consolidation,,22.02%,730xx,OK,< 1 year,0.0
1000.0,2015-12-30,small_business,501.0,4.5%,308xx,GA,< 1 year,0.0
5000.0,2015-12-30,debt_consolidation,,19.14%,330xx,FL,5 years,0.0
2000.0,2015-12-30,debt_consolidation,,22.56%,553xx,MN,< 1 year,0.0
35000.0,2015-12-30,credit_card,,6.21%,557xx,MN,,0.0
75000.0,2015-12-30,Business Loan,,-1%,303xx,GA,< 1 year,0.0
6500.0,2015-12-30,credit_card,,12.54%,112xx,NY,< 1 year,0.0
10000.0,2015-12-30,credit_card,,32.21%,207xx,MD,< 1 year,0.0
20000.0,2015-12-30,debt_consolidation,,32.73%,598xx,MT,< 1 year,0.0
2000.0,2015-12-30,debt_consolidation,,37.58%,982xx,WA,< 1 year,0.0
5000.0,2015-12-30,debt_consolidation,682.0,20.56%,320xx,FL,< 1 year,0.0
3000.0,2015-12-30,other,,18.98%,081xx,NJ,< 1 year,0.0
10000.0,2015-12-30,other,760.0,0.23%,331xx,FL,< 1 year,0.0
2500.0,2015-12-30,other,,3.75%,115xx,NY,5 years,0.0
2000.0,2015-12-30,car,,-1%,165xx,PA,,0.0
5000.0,2015-12-30,debt_consolidation,,24.62%,453xx,OH,< 1 year,0.0
7000.0,2015-12-30,debt_consolidation,,120.91%,900xx,CA,< 1 year,0.0
5000.0,2015-12-30,Debt consolidation,,26.04%,927xx,CA,8 years,0.0
30000.0,2015-12-30,debt_consolidation,,6.29%,300xx,GA,< 1 year,0.0
2500.0,2015-12-30,other,,3.24%,112xx,NY,< 1 year,0.0
20000.0,2015-12-30,debt_consolidation,,15.9%,967xx,HI,5 years,0.0
1000.0,2015-12-30,renewable_energy,,25.48%,802xx,CO,5 years,0.0
15000.0,2015-12-30,other,,34.48%,284xx,NC,< 1 year,0.0
35000.0,2015-12-30,debt_consolidation,,29.84%,573xx,SD,< 1 year,0.0
35000.0,2015-12-30,house,,1.59%,432xx,OH,< 1 year,0.0
15000.0,2015-12-30,debt_consolidation,,7.36%,767xx,TX,5 years,0.0
3000.0,2015-12-30,other,,8.3%,608xx,IL,< 1 year,0.0
11000.0,2015-12-30,debt_consolidation,,38.25%,973xx,OR,,0.0
35000.0,2015-12-30,debt_consolidation,,68.48%,765xx,TX,< 1 year,0.0
3000.0,2015-12-30,debt_consolidation,,7.99%,104xx,NY,< 1 year,0.0
5000.0,2015-12-30,debt_consolidation,,11.05%,608xx,IL,< 1 year,0.0
5000.0,2015-12-30,moving,573.0,2.64%,448xx,OH,< 1 year,0.0
15000.0,2015-12-30,house,,47%,302xx,GA,5 years,0.0
5000.0,2015-12-30,car,551.0,15.68%,601xx,IL,< 1 year,0.0
25000.0,2015-12-30,debt_consolidation,,14.93%,851xx,AZ,5 years,0.0
6000.0,2015-12-30,other,,0.79%,076xx,NJ,5 years,0.0
15000.0,2015-12-30,other,,27.49%,377xx,TN,< 1 year,0.0
35000.0,2015-12-30,debt_consolidation,,42.86%,291xx,SC,< 1 year,0.0
25000.0,2015-12-30,debt_consolidation,,41.36%,775xx,TX,< 1 year,0.0
3000.0,2015-12-30,Debt consolidation,,29.6%,773xx,TX,< 1 year,0.0
24000.0,2015-12-30,debt_consolidation,,16.36%,554xx,MN,< 1 year,0.0
8500.0,2015-12-30,medical,,17.43%,112xx,NY,< 1 year,0.0
8000.0,2015-12-30,major_purchase,,0%,852xx,AZ,5 years,0.0
3000.0,2015-12-30,debt_consolidation,,11.37%,939xx,CA,< 1 year,0.0
20000.0,2015-12-30,debt_consolidation,,8.41%,163xx,PA,< 1 year,0.0
15000.0,2015-12-30,debt_consolidation,,98.2%,604xx,IL,< 1 year,0.0
5000.0,2015-12-30,debt_consolidation,,3.51%,773xx,TX,< 1 year,0.0
7500.0,2015-12-30,debt_consolidation,,24.18%,953xx,CA,5 years,0.0
30000.0,2015-12-30,Business Loan,,-1%,770xx,TX,< 1 year,0.0
1000.0,2015-12-30,Other,,10.8%,275xx,NC,10+ years,0.0
15000.0,2015-12-30,debt_consolidation,,38.04%,453xx,OH,< 1 year,0.0
30000.0,2015-12-30,debt_consolidation,,100%,296xx,SC,< 1 year,0.0
30000.0,2015-12-30,debt_consolidation,645.0,44.07%,481xx,MI,< 1 year,0.0
1200.0,2015-12-30,vacation,566.0,2.58%,383xx,TN,< 1 year,0.0
27000.0,2015-12-30,car,,3.64%,980xx,WA,5 years,0.0
28000.0,2015-12-30,debt_consolidation,,7.23%,278xx,NC,5 years,0.0
3000.0,2015-12-30,major_purchase,,15.94%,131xx,NY,5 years,0.0
35000.0,2015-12-30,debt_consolidation,678.0,51.8%,799xx,TX,< 1 year,0.0
3000.0,2015-12-30,home_improvement,,38.65%,484xx,MI,< 1 year,0.0
14000.0,2015-12-30,credit_card,643.0,56.43%,331xx,FL,< 1 year,0.0
15000.0,2015-12-30,credit_card,,27%,032xx,NH,< 1 year,0.0
5000.0,2015-12-30,debt_consolidation,,15.69%,207xx,MD,< 1 year,0.0
10000.0,2015-12-30,debt_consolidation,,33.8%,956xx,CA,5 years,0.0
1500.0,2015-12-30,debt_consolidation,,32.51%,797xx,TX,5 years,0.0
5000.0,2015-12-30,Business Loan,,-1%,950xx,CA,< 1 year,0.0
1500.0,2015-12-30,debt_consolidation,627.0,7.87%,785xx,TX,< 1 year,0.0
15000.0,2015-12-30,credit_card,,39.46%,752xx,TX,< 1 year,0.0
3500.0,2015-12-30,credit_card,,11.76%,338xx,FL,< 1 year,0.0
25000.0,2015-12-30,debt_consolidation,,32.12%,763xx,TX,< 1 year,0.0
17050.0,2015-12-30,debt_consolidation,643.0,50.13%,775xx,TX,< 1 year,0.0
20000.0,2015-12-30,debt_consolidation,,23.45%,782xx,TX,< 1 year,0.0
25000.0,2015-12-30,other,,41.69%,230xx,VA,< 1 year,0.0
1500.0,2015-12-30,debt_consolidation,,285.54%,840xx,UT,< 1 year,0.0
20000.0,2015-12-30,home_improvement,,-1%,968xx,HI,< 1 year,0.0
3000.0,2015-12-30,other,,-1%,350xx,AL,< 1 year,0.0
10000.0,2015-12-30,debt_consolidation,675.0,694.8%,307xx,GA,< 1 year,0.0
3000.0,2015-12-30,debt_consolidation,,13.31%,741xx,OK,< 1 year,0.0
5000.0,2015-12-30,debt_consolidation,,-1%,950xx,CA,5 years,0.0
5000.0,2015-12-30,debt_consolidation,,3.4%,112xx,NY,< 1 year,0.0
2500.0,2015-12-30,home_improvement,,16.5%,300xx,GA,< 1 year,0.0
35000.0,2015-12-30,home_improvement,,23.26%,083xx,NJ,< 1 year,0.0
4000.0,2015-12-30,home_improvement,,30.39%,393xx,MS,< 1 year,0.0
20000.0,2015-12-30,credit_card,,12.7%,300xx,GA,,0.0
3000.0,2015-12-30,moving,,0%,565xx,MN,5 years,0.0
35000.0,2015-12-30,other,,55.42%,148xx,NY,5 years,0.0
10000.0,2015-12-30,debt_consolidation,,13.74%,010xx,MA,< 1 year,0.0
8000.0,2015-12-30,home_improvement,,35.07%,140xx,NY,< 1 year,0.0
5000.0,2015-12-30,debt_consolidation,,13.75%,908xx,CA,< 1 year,0.0
14000.0,2015-12-30,Credit card refinancing,690.0,30.26%,140xx,NY,2 years,0.0
6000.0,2015-12-30,debt_consolidation,,12.85%,945xx,CA,< 1 year,0.0
5000.0,2015-12-30,moving,,1.07%,241xx,VA,5 years,0.0
20000.0,2015-12-30,debt_consolidation,,51.02%,852xx,AZ,< 1 year,0.0
25000.0,2015-12-30,debt_consolidation,,25.56%,370xx,TN,< 1 year,0.0
1000.0,2015-12-30,other,,0%,283xx,NC,< 1 year,0.0
1000.0,2015-12-30,other,,3.23%,891xx,NV,5 years,0.0
2500.0,2015-12-30,debt_consolidation,,10.61%,325xx,FL,5 years,0.0
7000.0,2015-12-30,medical,643.0,37.59%,935xx,CA,< 1 year,0.0
5000.0,2015-12-30,other,,-1%,113xx,NY,5 years,0.0
10000.0,2015-12-30,debt_consolidation,,9.39%,841xx,UT,< 1 year,0.0
2500.0,2015-12-30,moving,,0%,458xx,OH,< 1 year,0.0
10000.0,2015-12-30,major_purchase,,0.83%,100xx,NY,< 1 year,0.0
3000.0,2015-12-30,major_purchase,,4.39%,368xx,AL,< 1 year,0.0
1200.0,2015-12-30,other,,0%,452xx,OH,5 years,0.0
5000.0,2015-12-30,medical,606.0,22.68%,300xx,GA,< 1 year,0.0
10000.0,2015-12-30,other,,34.25%,760xx,TX,< 1 year,0.0
12500.0,2015-12-30,debt_consolidation,757.0,66.47%,473xx,IN,< 1 year,0.0
5000.0,2015-12-30,debt_consolidation,,20.93%,296xx,SC,< 1 year,0.0
25000.0,2015-12-30,debt_consolidation,,12.73%,786xx,TX,< 1 year,0.0
1400.0,2015-12-30,vacation,,1.25%,417xx,KY,5 years,0.0
7000.0,2015-12-30,home_improvement,,3.29%,956xx,CA,< 1 year,0.0
50000.0,2015-12-30,home_improvement,,16.88%,270xx,NC,< 1 year,0.0
2000.0,2015-12-30,debt_consolidation,,0%,921xx,CA,< 1 year,0.0
1000.0,2015-12-30,car,,54.5%,430xx,OH,< 1 year,0.0
20000.0,2015-12-30,credit_card,,7.57%,362xx,AL,< 1 year,0.0
20000.0,2015-12-30,Business Loan,,-1%,764xx,TX,< 1 year,0.0
2000.0,2015-12-30,other,,51.57%,652xx,MO,< 1 year,0.0
1500.0,2015-12-30,other,,16.4%,104xx,NY,< 1 year,0.0
5000.0,2015-12-30,debt_consolidation,,9.55%,114xx,NY,< 1 year,0.0
35000.0,2015-12-30,credit_card,,108.22%,148xx,NY,< 1 year,0.0
21000.0,2015-12-30,major_purchase,,60.54%,171xx,PA,< 1 year,0.0
100000.0,2015-12-30,Business Loan,,-1%,600xx,IL,< 1 year,0.0
35000.0,2015-12-30,home_improvement,,15.79%,333xx,FL,< 1 year,0.0
30000.0,2015-12-30,Debt consolidation,,26.7%,331xx,FL,10+ years,0.0
14750.0,2015-12-30,debt_consolidation,,9.73%,871xx,NM,< 1 year,0.0
20000.0,2015-12-30,debt_consolidation,,8.65%,327xx,FL,< 1 year,0.0
10000.0,2015-12-30,debt_consolidation,,66.45%,953xx,CA,< 1 year,0.0
5000.0,2015-12-30,small_business,,37.63%,727xx,AR,< 1 year,0.0
2000.0,2015-12-30,home_improvement,,19.11%,480xx,MI,< 1 year,0.0
20000.0,2015-12-30,debt_consolidation,,16.13%,960xx,CA,< 1 year,0.0
6000.0,2015-12-30,debt_consolidation,,30.45%,272xx,NC,< 1 year,0.0
3000.0,2015-12-30,other,,-1%,559xx,MN,,0.0
4000.0,2015-12-30,debt_consolidation,,5.44%,334xx,FL,< 1 year,0.0
1000.0,2015-12-30,other,,2.37%,606xx,IL,< 1 year,0.0
20000.0,2015-12-30,debt_consolidation,,20.29%,785xx,TX,5 years,0.0
15000.0,2015-12-30,debt_consolidation,,11.33%,279xx,NC,< 1 year,0.0
4500.0,2015-12-30,major_purchase,,2.3%,587xx,ND,5 years,0.0
2000.0,2015-12-30,debt_consolidation,534.0,26.69%,025xx,MA,< 1 year,0.0
10000.0,2015-12-30,house,,43.49%,265xx,WV,5 years,0.0
5000.0,2015-12-30,credit_card,,10.02%,114xx,NY,< 1 year,0.0
20000.0,2015-12-30,debt_consolidation,671.0,74.8%,967xx,HI,< 1 year,0.0
25000.0,2015-12-30,small_business,,8.76%,850xx,AZ,5 years,0.0
5000.0,2015-12-30,home_improvement,,7.37%,452xx,OH,5 years,0.0
20000.0,2015-12-30,other,,0%,531xx,WI,< 1 year,0.0
19000.0,2015-12-30,credit_card,,32.64%,100xx,NY,5 years,0.0
1000.0,2015-12-30,other,600.0,27.68%,973xx,OR,< 1 year,0.0
35000.0,2015-12-30,credit_card,,34.53%,337xx,FL,< 1 year,0.0
4000.0,2015-12-30,other,,66.24%,900xx,CA,< 1 year,0.0
2500.0,2015-12-30,debt_consolidation,,11.04%,280xx,NC,< 1 year,0.0
12000.0,2015-12-30,debt_consolidation,,48.48%,294xx,SC,< 1 year,0.0
1500.0,2015-12-30,home_improvement,,39.84%,274xx,NC,< 1 year,0.0
25000.0,2015-12-30,home_improvement,,33.12%,334xx,FL,5 years,0.0
2000.0,2015-12-30,credit_card,,18.13%,785xx,TX,5 years,0.0
10000.0,2015-12-30,debt_consolidation,639.0,30.55%,270xx,NC,< 1 year,0.0
1000.0,2015-12-30,credit_card,,9.65%,151xx,PA,< 1 year,0.0
1000.0,2015-12-30,other,,43.84%,189xx,PA,5 years,0.0
6000.0,2015-12-30,credit_card,631.0,93.89%,941xx,CA,< 1 year,0.0
5000.0,2015-12-30,debt_consolidation,,37.57%,539xx,WI,< 1 year,0.0
7000.0,2015-12-30,other,,10.1%,479xx,IN,,0.0
18000.0,2015-12-30,car,,3.67%,483xx,MI,5 years,0.0
18000.0,2015-12-30,home_improvement,,23.47%,460xx,IN,< 1 year,0.0
20000.0,2015-12-30,credit_card,,63.95%,134xx,NY,5 years,0.0
7000.0,2015-12-30,credit_card,624.0,40.24%,105xx,NY,< 1 year,0.0
18000.0,2015-12-30,debt_consolidation,,40.8%,365xx,AL,< 1 year,0.0
20000.0,2015-12-30,debt_consolidation,,14.31%,605xx,IL,5 years,0.0
10000.0,2015-12-30,Business,,3.38%,103xx,NY,5 years,0.0
15000.0,2015-12-30,debt_consolidation,678.0,19.35%,954xx,CA,< 1 year,0.0
5000.0,2015-12-30,home_improvement,,43.08%,727xx,AR,< 1 year,0.0
10000.0,2015-12-30,debt_consolidation,,17.73%,809xx,CO,< 1 year,0.0
15000.0,2015-12-30,debt_consolidation,,25.14%,381xx,TN,< 1 year,0.0
5000.0,2015-12-30,other,,3.47%,174xx,PA,5 years,0.0
5000.0,2015-12-30,debt_consolidation,,57.3%,121xx,NY,< 1 year,0.0
2000.0,2015-12-30,other,,32.74%,857xx,AZ,< 1 year,0.0
35000.0,2015-12-30,debt_consolidation,,35.28%,291xx,SC,,0.0
11000.0,2015-12-30,other,,13.4%,925xx,CA,< 1 year,0.0
35000.0,2015-12-30,debt_consolidation,,25.65%,921xx,CA,< 1 year,0.0
5000.0,2015-12-30,debt_consolidation,,32.06%,296xx,SC,< 1 year,0.0
25000.0,2015-12-30,debt_consolidation,640.0,57.28%,705xx,LA,< 1 year,0.0
6000.0,2015-12-30,moving,,19.46%,117xx,NY,< 1 year,0.0
1000.0,2015-12-30,debt_consolidation,,35.26%,372xx,TN,< 1 year,0.0
3000.0,2015-12-30,debt_consolidation,501.0,1.54%,748xx,OK,< 1 year,0.0
2500.0,2015-12-30,medical,,34.3%,532xx,WI,< 1 year,0.0
2000.0,2015-12-30,medical,,31.65%,070xx,NJ,< 1 year,0.0
5000.0,2015-12-30,Other,,19.38%,853xx,AZ,7 years,0.0
9000.0,2015-12-30,credit_card,646.0,8.78%,276xx,NC,< 1 year,0.0
35000.0,2015-12-30,debt_consolidation,,33.04%,891xx,NV,< 1 year,0.0
10000.0,2015-12-30,car,,5.58%,853xx,AZ,< 1 year,0.0
1000.0,2015-12-30,moving,,0%,480xx,MI,5 years,0.0
15000.0,2015-12-30,debt_consolidation,,23.51%,363xx,AL,< 1 year,0.0
10000.0,2015-12-30,debt_consolidation,,20.86%,972xx,OR,< 1 year,0.0
35000.0,2015-12-30,car,,100%,780xx,TX,< 1 year,0.0
11000.0,2015-12-30,debt_consolidation,,43.28%,809xx,CO,< 1 year,0.0
3000.0,2015-12-30,other,,0%,442xx,OH,,0.0
25000.0,2015-12-30,debt_consolidation,,10.2%,975xx,OR,< 1 year,0.0
10000.0,2015-12-30,major_purchase,,68.44%,853xx,AZ,< 1 year,0.0
7500.0,2015-12-30,credit_card,,54.13%,752xx,TX,< 1 year,0.0
2500.0,2015-12-30,other,,0%,112xx,NY,< 1 year,0.0
35000.0,2015-12-30,other,556.0,19.9%,731xx,OK,< 1 year,0.0
5000.0,2015-12-30,car,,-1%,483xx,MI,5 years,0.0
7000.0,2015-12-30,debt_consolidation,,18.8%,652xx,MO,< 1 year,0.0
13000.0,2015-12-30,debt_consolidation,697.0,38.96%,386xx,MS,< 1 year,0.0
15000.0,2015-12-30,debt_consolidation,,51.42%,391xx,MS,< 1 year,0.0
5000.0,2015-12-30,credit_card,,14.19%,104xx,NY,5 years,0.0
8000.0,2015-12-30,other,,4.27%,321xx,FL,5 years,0.0
12000.0,2015-12-30,debt_consolidation,,40.44%,237xx,VA,< 1 year,0.0
3500.0,2015-12-30,debt_consolidation,,19.77%,447xx,OH,< 1 year,0.0
10000.0,2015-12-30,debt_consolidation,,19.35%,913xx,CA,5 years,0.0
10000.0,2015-12-30,Business,,16.97%,900xx,CA,,0.0
6000.0,2015-12-30,other,626.0,27.64%,296xx,SC,< 1 year,0.0
5000.0,2015-12-30,debt_consolidation,,6%,853xx,AZ,,0.0
1000.0,2015-12-30,debt_consolidation,,35.19%,283xx,NC,< 1 year,0.0
33000.0,2015-12-30,debt_consolidation,,19.83%,305xx,GA,< 1 year,0.0
18000.0,2015-12-30,credit_card,,3.88%,100xx,NY,< 1 year,0.0
15000.0,2015-12-30,debt_consolidation,,17.22%,146xx,NY,< 1 year,0.0
10500.0,2015-12-30,debt_consolidation,,19.7%,871xx,NM,< 1 year,0.0
5000.0,2015-12-30,credit_card,634.0,12.99%,061xx,CT,10+ years,0.0
1000.0,2015-12-30,other,,-1%,114xx,NY,5 years,0.0
20000.0,2015-12-30,debt_consolidation,621.0,35.4%,140xx,NY,< 1 year,0.0
10000.0,2015-12-30,Debt consolidation,652.0,9.03%,953xx,CA,5 years,0.0
35000.0,2015-12-30,house,,58.15%,417xx,KY,5 years,0.0
5500.0,2015-12-30,medical,,0.5%,107xx,NY,< 1 year,0.0
3500.0,2015-12-30,debt_consolidation,,29.8%,928xx,CA,< 1 year,0.0
2000.0,2015-12-30,debt_consolidation,,0%,112xx,NY,< 1 year,0.0
35000.0,2015-12-30,debt_consolidation,,60.97%,946xx,CA,< 1 year,0.0
1000.0,2015-12-30,debt_consolidation,,0.86%,386xx,MS,5 years,0.0
20000.0,2015-12-30,debt_consolidation,,54.91%,371xx,TN,5 years,0.0
5000.0,2015-12-30,other,,16.91%,986xx,WA,5 years,0.0
10000.0,2015-12-30,home_improvement,,29.18%,461xx,IN,5 years,0.0
9600.0,2015-12-30,other,754.0,110.72%,400xx,KY,< 1 year,0.0
9500.0,2015-12-30,credit_card,,32%,980xx,WA,< 1 year,0.0
12000.0,2015-12-30,credit_card,,25.44%,471xx,IN,< 1 year,0.0
30000.0,2015-12-30,credit_card,,33.49%,184xx,PA,5 years,0.0
35000.0,2015-12-30,debt_consolidation,656.0,31.49%,275xx,NC,< 1 year,0.0
10000.0,2015-12-30,debt_consolidation,,37.05%,860xx,AZ,5 years,0.0
1000.0,2015-12-30,other,,0.83%,432xx,OH,< 1 year,0.0
35000.0,2015-12-30,debt_consolidation,,1.85%,900xx,CA,,0.0
7000.0,2015-12-30,home_improvement,,23.57%,923xx,CA,5 years,0.0
1000.0,2015-12-30,debt_consolidation,,0%,915xx,CA,< 1 year,0.0
14000.0,2015-12-30,debt_consolidation,,9.21%,063xx,CT,5 years,0.0
3000.0,2015-12-30,home_improvement,,0%,465xx,IN,5 years,0.0
35000.0,2015-12-30,house,658.0,14.65%,307xx,GA,< 1 year,0.0
16000.0,2015-12-30,debt_consolidation,,0%,691xx,NE,5 years,0.0
1000.0,2015-12-30,medical,,16.12%,760xx,TX,< 1 year,0.0
15000.0,2015-12-30,debt_consolidation,597.0,53.47%,241xx,VA,< 1 year,0.0
17500.0,2015-12-30,debt_consolidation,,25.32%,334xx,FL,< 1 year,0.0
3000.0,2015-12-30,debt_consolidation,,3.32%,236xx,VA,< 1 year,0.0
10000.0,2015-12-30,debt_consolidation,,4.61%,440xx,OH,5 years,0.0
5000.0,2015-12-30,debt_consolidation,,46.8%,785xx,TX,5 years,0.0
3000.0,2015-12-30,moving,,18.9%,323xx,FL,< 1 year,0.0
20000.0,2015-12-30,other,,-1%,069xx,CT,< 1 year,0.0
1000.0,2015-12-30,vacation,,2.81%,333xx,FL,< 1 year,0.0
17000.0,2015-12-30,debt_consolidation,,20.12%,137xx,NY,< 1 year,0.0
2000.0,2015-12-30,other,600.0,18.2%,671xx,KS,< 1 year,0.0
2000.0,2015-12-30,debt_consolidation,,13%,800xx,CO,< 1 year,0.0
15000.0,2015-12-30,debt_consolidation,,43.4%,864xx,AZ,< 1 year,0.0
1000.0,2015-12-30,other,590.0,73.19%,948xx,CA,< 1 year,0.0
1000.0,2015-12-30,other,,46.5%,080xx,NJ,< 1 year,0.0
35000.0,2015-12-30,small_business,,38.33%,104xx,NY,< 1 year,0.0
25000.0,2015-12-30,small_business,,1.58%,330xx,FL,5 years,0.0
50000.0,2015-12-30,Business Loan,,-1%,331xx,FL,< 1 year,0.0
30000.0,2015-12-30,debt_consolidation,,26.12%,554xx,MN,5 years,0.0
3000.0,2015-12-30,other,,23.66%,337xx,FL,< 1 year,0.0
12000.0,2015-12-30,credit_card,,21.37%,914xx,CA,5 years,0.0
1000.0,2015-12-30,other,,8.81%,740xx,OK,< 1 year,0.0
25000.0,2015-12-30,credit_card,,29.67%,547xx,WI,5 years,0.0
3000.0,2015-12-30,other,,22.42%,330xx,FL,5 years,0.0
5000.0,2015-12-30,home_improvement,,2.57%,744xx,OK,< 1 year,0.0
100000.0,2015-12-30,Business Loan,,-1%,840xx,UT,< 1 year,0.0
33000.0,2015-12-30,debt_consolidation,,172.31%,073xx,NJ,< 1 year,0.0
35000.0,2015-12-30,debt_consolidation,556.0,22.75%,986xx,WA,< 1 year,0.0
2500.0,2015-12-30,credit_card,,39.53%,712xx,LA,< 1 year,0.0
10000.0,2015-12-30,debt_consolidation,611.0,36.12%,302xx,GA,< 1 year,0.0
5000.0,2015-12-30,Credit card refinancing,,9.79%,060xx,CT,10+ years,2.0
30000.0,2015-12-30,small_business,,31.4%,112xx,NY,5 years,0.0
1500.0,2015-12-30,home_improvement,529.0,1.67%,488xx,MI,< 1 year,0.0
25000.0,2015-12-30,credit_card,,33.2%,920xx,CA,5 years,0.0
1000.0,2015-12-30,debt_consolidation,,13%,641xx,MO,5 years,0.0
15000.0,2015-12-30,small_business,,83.58%,150xx,PA,< 1 year,0.0
5000.0,2015-12-30,other,,5.96%,117xx,NY,5 years,0.0
5000.0,2015-12-30,small_business,,-1%,327xx,FL,< 1 year,0.0
8000.0,2015-12-30,debt_consolidation,,16.86%,959xx,CA,< 1 year,0.0
10000.0,2015-12-30,debt_consolidation,644.0,25.57%,061xx,CT,< 1 year,0.0
25000.0,2015-12-30,other,,11.94%,983xx,WA,5 years,0.0
12000.0,2015-12-30,car,644.0,11.95%,554xx,MN,< 1 year,0.0
4500.0,2015-12-30,debt_consolidation,,4.48%,908xx,CA,< 1 year,0.0
15000.0,2015-12-30,other,573.0,20.08%,394xx,MS,< 1 year,0.0
25000.0,2015-12-30,debt_consolidation,654.0,18.58%,678xx,KS,10+ years,0.0
10000.0,2015-12-30,debt_consolidation,,15.45%,212xx,MD,< 1 year,0.0
8000.0,2015-12-30,other,787.0,7.4%,331xx,FL,3 years,0.0
10000.0,2015-12-30,house,,26.92%,704xx,LA,5 years,0.0
2000.0,2015-12-30,other,,22.12%,169xx,PA,5 years,0.0
35000.0,2015-12-30,credit_card,619.0,49.92%,750xx,TX,< 1 year,0.0
20000.0,2015-12-30,debt_consolidation,,0.6%,060xx,CT,< 1 year,0.0
5000.0,2015-12-30,car,,11.79%,410xx,KY,< 1 year,0.0
35000.0,2015-12-30,car,,1.9%,766xx,TX,5 years,0.0
1000.0,2015-12-30,renewable_energy,,7.73%,295xx,SC,< 1 year,0.0
20000.0,2015-12-30,debt_consolidation,614.0,13.36%,939xx,CA,< 1 year,0.0
35000.0,2015-12-30,debt_consolidation,,33.61%,926xx,CA,< 1 year,0.0
2500.0,2015-12-30,debt_consolidation,,35.41%,800xx,CO,< 1 year,0.0
15000.0,2015-12-30,debt_consolidation,627.0,21.04%,359xx,AL,< 1 year,0.0
10000.0,2015-12-30,credit_card,,29.7%,371xx,TN,5 years,0.0
15000.0,2015-12-30,debt_consolidation,,74.09%,087xx,NJ,< 1 year,0.0
10000.0,2015-12-30,credit_card,,20.33%,028xx,RI,< 1 year,0.0
12000.0,2015-12-30,debt_consolidation,,26.15%,310xx,GA,,0.0
3000.0,2015-12-30,other,,1.5%,553xx,MN,< 1 year,0.0
10000.0,2015-12-30,debt_consolidation,,19.77%,604xx,IL,< 1 year,0.0
10000.0,2015-12-30,Credit card refinancing,741.0,17.62%,190xx,PA,1 year,0.0
35000.0,2015-12-30,debt_consolidation,597.0,32.96%,441xx,OH,< 1 year,0.0
300000.0,2015-12-30,Business Loan,,-1%,805xx,CO,< 1 year,0.0
1000.0,2015-12-30,debt_consolidation,,54.73%,070xx,NJ,< 1 year,0.0
16000.0,2015-12-30,debt_consolidation,,19.44%,461xx,IN,< 1 year,0.0
1500.0,2015-12-30,other,471.0,17.14%,641xx,MO,< 1 year,0.0
10000.0,2015-12-30,other,,2.39%,100xx,NY,< 1 year,0.0
8000.0,2015-12-30,debt_consolidation,,30.4%,413xx,KY,< 1 year,0.0
35000.0,2015-12-30,credit_card,665.0,78.53%,410xx,KY,< 1 year,0.0
10000.0,2015-12-30,credit_card,,5.92%,284xx,NC,5 years,0.0
8000.0,2015-12-30,debt_consolidation,652.0,7.51%,344xx,FL,< 1 year,0.0
125000.0,2015-12-30,Business Loan,,-1%,142xx,NY,< 1 year,0.0
20000.0,2015-12-30,debt_consolidation,,11.82%,300xx,GA,< 1 year,0.0
1000.0,2015-12-30,debt_consolidation,,532.32%,235xx,VA,< 1 year,0.0
2500.0,2015-12-30,small_business,,-1%,913xx,CA,< 1 year,0.0
3000.0,2015-12-30,debt_consolidation,,3.76%,890xx,NV,< 1 year,0.0
15000.0,2015-12-30,home_improvement,,13.31%,114xx,NY,< 1 year,0.0
8000.0,2015-12-30,debt_consolidation,680.0,43.04%,923xx,CA,< 1 year,0.0
10000.0,2015-12-30,debt_consolidation,564.0,67.65%,310xx,GA,< 1 year,0.0
2000.0,2015-12-30,medical,,59.34%,201xx,VA,< 1 year,0.0
9000.0,2015-12-30,car,,66.46%,314xx,GA,< 1 year,0.0
3000.0,2015-12-30,home_improvement,,20.59%,138xx,NY,< 1 year,0.0
10000.0,2015-12-30,small_business,,23.71%,797xx,TX,< 1 year,0.0
10000.0,2015-12-30,debt_consolidation,,-1%,751xx,TX,< 1 year,0.0
5000.0,2015-12-30,medical,,4.23%,689xx,NE,< 1 year,0.0
15000.0,2015-12-30,credit_card,,40.78%,335xx,FL,5 years,0.0
7000.0,2015-12-30,debt_consolidation,,5%,549xx,WI,< 1 year,0.0
5000.0,2015-12-30,debt_consolidation,,12.3%,774xx,TX,< 1 year,0.0
8000.0,2015-12-30,debt_consolidation,,3.47%,773xx,TX,5 years,0.0
2000.0,2015-12-30,debt_consolidation,,13.74%,315xx,GA,,0.0
11000.0,2015-12-30,debt_consolidation,660.0,38.2%,314xx,GA,< 1 year,0.0
17000.0,2015-12-30,debt_consolidation,,4.99%,786xx,TX,< 1 year,0.0
5000.0,2015-12-30,debt_consolidation,,3.55%,191xx,PA,5 years,0.0
20000.0,2015-12-30,credit_card,,12.53%,115xx,NY,5 years,0.0
10000.0,2015-12-30,medical,,11.3%,260xx,WV,5 years,0.0
1500.0,2015-12-30,major_purchase,,37.53%,263xx,WV,< 1 year,0.0
23000.0,2015-12-30,credit_card,,49.07%,275xx,NC,5 years,0.0
35000.0,2015-12-30,credit_card,,52.49%,156xx,PA,5 years,0.0
14000.0,2015-12-30,debt_consolidation,,27.66%,104xx,NY,< 1 year,0.0
100000.0,2015-12-30,Business Loan,,-1%,941xx,CA,< 1 year,0.0
14875.0,2015-12-30,credit_card,703.0,8.53%,103xx,NY,< 1 year,0.0
35000.0,2015-12-30,debt_consolidation,,19.1%,111xx,NY,,0.0
24000.0,2015-12-30,other,,23.47%,334xx,FL,5 years,0.0
6300.0,2015-12-30,car,,47.4%,925xx,CA,5 years,0.0
8000.0,2015-12-30,car,,12.98%,080xx,NJ,< 1 year,0.0
5000.0,2015-12-30,debt_consolidation,751.0,11.03%,384xx,TN,< 1 year,0.0
5000.0,2015-12-30,credit_card,,0.68%,852xx,AZ,,0.0
35000.0,2015-12-30,credit_card,,35.53%,914xx,CA,5 years,0.0
5000.0,2015-12-30,other,,4.11%,802xx,CO,< 1 year,0.0
5000.0,2015-12-30,other,,6.87%,922xx,CA,< 1 year,0.0
13000.0,2015-12-30,credit_card,,26.58%,801xx,CO,5 years,0.0
1500.0,2015-12-30,other,,0%,300xx,GA,< 1 year,0.0
35000.0,2015-12-30,major_purchase,708.0,11.19%,336xx,FL,< 1 year,0.0
15000.0,2015-12-30,debt_consolidation,,25.35%,782xx,TX,< 1 year,0.0
35000.0,2015-12-30,debt_consolidation,,29%,206xx,MD,5 years,0.0
20000.0,2015-12-30,debt_consolidation,684.0,58.46%,334xx,FL,< 1 year,0.0
15000.0,2015-12-30,debt_consolidation,,5.8%,449xx,OH,< 1 year,0.0
6500.0,2015-12-30,Debt consolidation,,25.33%,945xx,CA,< 1 year,0.0
15000.0,2015-12-30,credit_card,,64.71%,983xx,WA,5 years,0.0
20000.0,2015-12-30,other,,20.46%,981xx,WA,5 years,0.0
30000.0,2015-12-30,debt_consolidation,,43.52%,735xx,OK,< 1 year,0.0
35000.0,2015-12-30,house,,6.07%,497xx,MI,,0.0
8000.0,2015-12-30,car,,0.98%,334xx,FL,< 1 year,0.0
10000.0,2015-12-30,debt_consolidation,,0%,751xx,TX,< 1 year,0.0
18000.0,2015-12-30,credit_card,,29.29%,301xx,GA,5 years,0.0
2000.0,2015-12-30,debt_consolidation,727.0,17.69%,750xx,TX,< 1 year,0.0
2000.0,2015-12-30,Other,,11.98%,917xx,CA,7 years,0.0
25000.0,2015-12-30,debt_consolidation,621.0,21.04%,281xx,NC,< 1 year,0.0
35000.0,2015-12-30,Debt consolidation,,31.76%,770xx,TX,7 years,0.0
7000.0,2015-12-30,credit_card,,44.94%,158xx,PA,,0.0
5000.0,2015-12-30,credit_card,,11.42%,112xx,NY,< 1 year,0.0
2500.0,2015-12-30,debt_consolidation,,0%,532xx,WI,< 1 year,0.0
25000.0,2015-12-30,debt_consolidation,,38.78%,230xx,VA,< 1 year,0.0
1500.0,2015-12-30,debt_consolidation,,23.17%,761xx,TX,5 years,0.0
10000.0,2015-12-30,home_improvement,,3.51%,171xx,PA,,0.0
10000.0,2015-12-30,credit_card,,12.41%,018xx,MA,5 years,0.0
15000.0,2015-12-30,credit_card,,23.32%,065xx,CT,5 years,0.0
12500.0,2015-12-30,other,,18.81%,351xx,AL,< 1 year,0.0
8000.0,2015-12-30,debt_consolidation,,23.64%,441xx,OH,< 1 year,0.0
5000.0,2015-12-30,other,,0%,146xx,NY,< 1 year,0.0
26000.0,2015-12-30,debt_consolidation,,45.84%,301xx,GA,5 years,0.0
20000.0,2015-12-30,Business Loan,,-1%,774xx,TX,< 1 year,0.0
1000.0,2015-12-30,other,,-1%,799xx,TX,5 years,0.0
20000.0,2015-12-30,debt_consolidation,,17.24%,297xx,SC,5 years,0.0
1000.0,2015-12-30,other,,13.54%,910xx,CA,< 1 year,0.0
16000.0,2015-12-30,debt_consolidation,,35.44%,917xx,CA,< 1 year,0.0
2500.0,2015-12-30,credit_card,,41.95%,712xx,LA,< 1 year,0.0
20000.0,2015-12-30,debt_consolidation,,22.29%,325xx,FL,5 years,0.0
5000.0,2015-12-30,debt_consolidation,,17.96%,067xx,CT,< 1 year,0.0
10000.0,2015-12-30,debt_consolidation,,24.94%,028xx,RI,< 1 year,0.0
2000.0,2015-12-30,debt_consolidation,,19.77%,330xx,FL,< 1 year,0.0
4000.0,2015-12-30,other,,14.75%,770xx,TX,< 1 year,0.0